{"cameraMode":{"drawMode":0,"name":"Shaded","section":"Shading Mode"},"sceneLighting":false,"audioPlay":false,"sceneViewState":{"showFog":true,"showMaterialUpdate":false,"showSkybox":false,"showFlares":true,"showImageEffects":true,"showParticleSystems":true},"in2DMode":false,"pivot":{"x":24.440000534057618,"y":1.6000001430511475,"z":-1.1683225631713868},"rotation":{"x":0.07862735539674759,"y":-0.3286045491695404,"z":0.0275386031717062,"w":0.9409014582633972},"size":4.885449409484863,"orthographic":false}