{"cameraMode":{"drawMode":0,"name":"Shaded","section":"Shading Mode"},"sceneLighting":true,"audioPlay":false,"sceneViewState":{"showFog":true,"showMaterialUpdate":false,"showSkybox":false,"showFlares":true,"showImageEffects":true,"showParticleSystems":true},"in2DMode":false,"pivot":{"x":0.0,"y":0.12999999523162843,"z":0.9049999713897705},"rotation":{"x":0.16954374313354493,"y":-0.028141342103481294,"z":0.004635827150195837,"w":0.9853023886680603},"size":8.431629180908204,"orthographic":false}