{"cameraMode":{"drawMode":0,"name":"Shaded","section":"Shading Mode"},"sceneLighting":false,"audioPlay":false,"sceneViewState":{"showFog":true,"showMaterialUpdate":false,"showSkybox":false,"showFlares":true,"showImageEffects":true,"showParticleSystems":true},"in2DMode":false,"pivot":{"x":-3.725290298461914e-8,"y":0.16834795475006104,"z":0.32270365953445437},"rotation":{"x":0.19563046097755433,"y":-0.6259233355522156,"z":0.1665898561477661,"w":0.7366317510604858},"size":0.6919263601303101,"orthographic":false}