{"cameraMode":{"drawMode":0,"name":"Shaded","section":"Shading Mode"},"sceneLighting":true,"audioPlay":false,"sceneViewState":{"showFog":true,"showMaterialUpdate":false,"showSkybox":true,"showFlares":true,"showImageEffects":true,"showParticleSystems":true},"in2DMode":false,"pivot":{"x":-0.32276344299316409,"y":1.548130989074707,"z":-0.7442116737365723},"rotation":{"x":0.2128140926361084,"y":-0.6483472585678101,"z":0.19586488604545594,"w":0.7043710350990295},"size":9.870031356811524,"orthographic":false}